s3_key,clip_start_utc,clip_end_utc
hydrophone/H1/20251002T034500Z.wav,2025-10-02T03:45:00Z,2025-10-02T03:45:10Z
hydrophone/H1/20251002T034510Z.wav,2025-10-02T03:45:10Z,2025-10-02T03:45:20Z
hydrophone/H1/20251002T034520Z.wav,2025-10-02T03:45:20Z,2025-10-02T03:45:30Z
hydrophone/H1/20251002T034530Z.wav,2025-10-02T03:45:30Z,2025-10-02T03:45:40Z
hydrophone/H1/20251002T034540Z.wav,2025-10-02T03:45:40Z,2025-10-02T03:45:50Z
hydrophone/H1/20251002T034550Z.wav,2025-10-02T03:45:50Z,2025-10-02T03:46:00Z
hydrophone/H1/20251002T034600Z.wav,2025-10-02T03:46:00Z,2025-10-02T03:46:10Z
hydrophone/H1/20251002T034610Z.wav,2025-10-02T03:46:10Z,2025-10-02T03:46:20Z
hydrophone/H1/20251002T034620Z.wav,2025-10-02T03:46:20Z,2025-10-02T03:46:30Z
hydrophone/H1/20251002T034630Z.wav,2025-10-02T03:46:30Z,2025-10-02T03:46:40Z
